SET SQL_MODE = "NO_AUTO_VALUE_ON_ZERO";

/*!40101 SET @OLD_CHARACTER_SET_CLIENT=@@CHARACTER_SET_CLIENT */;
/*!40101 SET @OLD_CHARACTER_SET_RESULTS=@@CHARACTER_SET_RESULTS */;
/*!40101 SET @OLD_COLLATION_CONNECTION=@@COLLATION_CONNECTION */;
/*!40101 SET NAMES utf8mb4 */;

-- --------------------------------------------------------
--
-- Zrzut danych tabeli `blog`
--

INSERT INTO `blog` (`id`, `name`, `slug`, `thumb`, `content`, `lid`, `keywords`, `description`, `date`) VALUES
(1, 'Najtańsze noclegi w Zakopanym', 'najtansze-noclegi-w-zakopanym', '/upload/images/slider1.jpg', '<p new=\"\" roman=\"\" times=\"\">Lorem ipsum dolor sit amet, consectetuer adipiscing elit. Donec odio. Quisque volutpat mattis eros. Nullam malesuada erat ut turpis. Suspendisse urna nibh, viverra non, semper suscipit, posuere a, pede.</p>\r\n\r\n<p new=\"\" roman=\"\" times=\"\">Donec nec justo eget felis facilisis fermentum. Aliquam porttitor mauris sit amet orci. Aenean dignissim pellentesque felis.</p>\r\n\r\n<p new=\"\" roman=\"\" times=\"\">Morbi in sem quis dui placerat ornare. Pellentesque odio nisi, euismod in, pharetra a, ultricies in, diam. Sed arcu. Cras consequat.</p>\r\n\r\n<p new=\"\" roman=\"\" times=\"\">Praesent dapibus, neque id cursus faucibus, tortor neque egestas augue, eu vulputate magna eros eu erat. Aliquam erat volutpat. Nam dui mi, tincidunt quis, accumsan porttitor, facilisis luctus, metus.</p>\r\n\r\n<p new=\"\" roman=\"\" times=\"\">Phasellus ultrices nulla quis nibh. Quisque a lectus. Donec consectetuer ligula vulputate sem tristique cursus. Nam nulla quam, gravida non, commodo a, sodales sit amet, nisi.</p>\r\n\r\n<p new=\"\" roman=\"\" times=\"\">Pellentesque fermentum dolor. Aliquam quam lectus, facilisis auctor, ultrices ut, elementum vulputate, nunc.</p>\r\n\r\n<p new=\"\" roman=\"\" times=\"\">Sed adipiscing ornare risus. Morbi est est, blandit sit amet, sagittis vel, euismod vel, velit. Pellentesque egestas sem. Suspendisse commodo ullamcorper magna.</p>\r\n', 'Lorem ipsum dolor sit amet, consectetuer adipiscing elit. Donec odio. Quisque volutpat mattis eros. Nullam malesuada erat ut turpis. Suspendisse urna nibh, viverra non, semper suscipit, posuere a, pede.', '', '', '2019-08-23 10:18:38'),
(2, 'Przeżyj niezapomniane wakacje na Karaibach!', 'przezyj-niezapomniane-wakacje-na-karaibach', '/upload/images/slider2.jpg', '<p new=\"\" roman=\"\" times=\"\">Lorem ipsum dolor sit amet, consectetuer adipiscing elit. Donec odio. Quisque volutpat mattis eros. Nullam malesuada erat ut turpis. Suspendisse urna nibh, viverra non, semper suscipit, posuere a, pede.</p>\r\n\r\n<p new=\"\" roman=\"\" times=\"\">Donec nec justo eget felis facilisis fermentum. Aliquam porttitor mauris sit amet orci. Aenean dignissim pellentesque felis.</p>\r\n\r\n<p new=\"\" roman=\"\" times=\"\">Morbi in sem quis dui placerat ornare. Pellentesque odio nisi, euismod in, pharetra a, ultricies in, diam. Sed arcu. Cras consequat.</p>\r\n\r\n<p new=\"\" roman=\"\" times=\"\">Praesent dapibus, neque id cursus faucibus, tortor neque egestas augue, eu vulputate magna eros eu erat. Aliquam erat volutpat. Nam dui mi, tincidunt quis, accumsan porttitor, facilisis luctus, metus.</p>\r\n\r\n<p new=\"\" roman=\"\" times=\"\">Phasellus ultrices nulla quis nibh. Quisque a lectus. Donec consectetuer ligula vulputate sem tristique cursus. Nam nulla quam, gravida non, commodo a, sodales sit amet, nisi.</p>\r\n\r\n<p new=\"\" roman=\"\" times=\"\">Pellentesque fermentum dolor. Aliquam quam lectus, facilisis auctor, ultrices ut, elementum vulputate, nunc.</p>\r\n\r\n<p new=\"\" roman=\"\" times=\"\">Sed adipiscing ornare risus. Morbi est est, blandit sit amet, sagittis vel, euismod vel, velit. Pellentesque egestas sem. Suspendisse commodo ullamcorper magna.</p>\r\n', 'Praesent dapibus, neque id cursus faucibus, tortor neque egestas augue, eu vulputate magna eros eu erat. Aliquam erat volutpat. Nam dui mi, tincidunt quis, accumsan porttitor, facilisis luctus, metus.', 'słowo1, słowo2, słowo3', 'Pellentesque fermentum dolor. Aliquam quam lectus, facilisis auctor, ultrices ut, elementum vulputate, nunc.', '2019-08-23 10:19:23'),
(3, 'Znajdź wymarzony hotel w Australii', 'znajdz-wymarzony-hotel-w-australii', '/upload/images/slider3.jpg', '<p>Donec porttitor vehicula malesuada. Nulla dapibus magna eget lacus venenatis, et eleifend dolor euismod. Praesent sit amet augue a tortor bibendum consequat. Aenean lectus ante, fermentum in pulvinar sit amet, mollis id sapien. Sed orci lorem, blandit vel sollicitudin nec, lacinia non lectus. Nunc laoreet mauris arcu, vel mattis quam bibendum sit amet. Donec a finibus est.</p>\r\n\r\n<p>Ut bibendum neque at orci lobortis faucibus. Nunc a velit ac nunc viverra interdum. Nunc sit amet augue at nunc venenatis scelerisque. Quisque laoreet turpis quis purus fringilla dapibus. Vestibulum ante ipsum primis in faucibus orci luctus et ultrices posuere cubilia Curae; Pellentesque sit amet sagittis est, in tempus mauris. In massa ante, scelerisque ac massa in, cursus ullamcorper purus. Cras luctus consequat ipsum, nec cursus justo convallis ac.</p>\r\n\r\n<p>Fusce ac nisi id lorem tempus suscipit ac id ex. Quisque nec erat libero. Vestibulum venenatis augue et volutpat volutpat. In vel quam vel mi dignissim ultricies. Etiam quis nisl consequat eros elementum dapibus. Fusce fringilla sed dolor eu pulvinar. Ut nulla nisl, pretium quis ligula nec, pretium convallis mauris. Nunc et arcu lorem. Morbi ut tincidunt tortor. Aenean massa mi, bibendum nec iaculis in, auctor at est.</p>\r\n', 'Donec porttitor vehicula malesuada. Nulla dapibus magna eget lacus venenatis, et eleifend dolor euismod. Praesent sit amet augue a tortor bibendum consequat. Aenean lectus ante, fermentum in pulvinar sit amet, mollis id sapien. Sed orci lorem, blandit vel sollicitudin nec, lacinia non lectus. Nunc laoreet mauris arcu, vel mattis quam bibendum sit amet. Donec a finibus est.', '', '', '2019-08-23 10:20:21');

-- --------------------------------------------------------

--
-- Zrzut danych tabeli `category`
--

INSERT INTO `category` (`id`, `category_id`, `position`, `slug`, `name`, `cost`, `thumb`, `path`, `content`, `h1`, `title`, `keywords`, `description`) VALUES
(1, 0, 1, 'agroturystyka', 'Agroturystyka', 0, '', 'agroturystyka', '', '', '', '', ''),
(2, 0, 2, 'akademik-bursa', 'Akademik, bursa', 0, '', 'akademik-bursa', '', '', '', '', ''),
(3, 0, 3, 'apartament', 'Apartament', 0, '', 'apartament', '', '', '', '', ''),
(4, 0, 4, 'dom-do-wynajecia', 'Dom do wynajęcia', 0, '', 'dom-do-wynajecia', '', '', '', '', ''),
(5, 0, 5, 'dom-letniskowy', 'Dom letniskowy', 0, '', 'dom-letniskowy', '', '', '', '', ''),
(6, 0, 6, 'dom-wczasowy', 'Dom wczasowy', 0, '', 'dom-wczasowy', '', '', '', '', ''),
(7, 0, 7, 'hostel', 'Hostel', 0, '', 'hostel', '', '', '', '', ''),
(8, 0, 8, 'hotel', 'Hotel', 0, '', 'hotel', '', '', '', '', ''),
(9, 0, 9, 'internat', 'Internat', 0, '', 'internat', '', '', '', '', ''),
(10, 0, 10, 'kwatera-prywatna', 'Kwatera prywatna', 0, '', 'kwatera-prywatna', '', '', '', '', ''),
(11, 0, 11, 'mieszkanie-do-wynajecia', 'Mieszkanie do wynajęcia', 0, '', 'mieszkanie-do-wynajecia', '', '', '', '', ''),
(12, 0, 12, 'motel', 'Motel', 0, '', 'motel', '', '', '', '', ''),
(13, 0, 13, 'nocleg-pracowniczy', 'Nocleg pracowniczy', 0, '', 'nocleg-pracowniczy', '', '', '', '', ''),
(14, 0, 14, 'osrodek-wypoczynkowy', 'Ośrodek wypoczynkowy', 0, '', 'osrodek-wypoczynkowy', '', '', '', '', ''),
(15, 0, 15, 'pensjonat', 'Pensjonat', 0, '', 'pensjonat', '', '', '', '', ''),
(16, 0, 16, 'pokoje-goscinne', 'Pokoje gościnne', 0, '', 'pokoje-goscinne', '', '', '', '', ''),
(17, 0, 17, 'pole-namiotowe-camping', 'Pole namiotowe, camping', 0, '', 'pole-namiotowe-camping', '', '', '', '', ''),
(18, 0, 18, 'sanatorium-uzdrowisko', 'Sanatorium, uzdrowisko', 0, '', 'sanatorium-uzdrowisko', '', '', '', '', ''),
(19, 0, 19, 'schronisko', 'Schronisko', 0, '', 'schronisko', '', '', '', '', ''),
(20, 0, 20, 'spa', 'SPA', 0, '', 'spa', '', '', '', '', ''),
(21, 0, 21, 'stanica', 'Stanica', 0, '', 'stanica', '', '', '', '', ''),
(22, 0, 22, 'willa', 'Willa', 0, '', 'willa', '', '', '', '', ''),
(23, 0, 23, 'zajazd', 'Zajazd', 0, '', 'zajazd', '', '', '', '', ''),
(24, 0, 24, 'zamek-palac-dworek', 'Zamek, pałac, dworek', 0, '', 'zamek-palac-dworek', '', '', '', '', '');

-- --------------------------------------------------------

--
-- Zrzut danych tabeli `location`
--

INSERT INTO `location` (`id`, `slug`, `name`, `position`) VALUES
(1, 'gory', 'Góry', 1),
(2, 'jeziora', 'Jeziora', 2),
(3, 'lasy', 'Lasy', 3),
(4, 'miasto', 'Miasto', 4),
(5, 'morze', 'Morze', 5),
(6, 'wies', 'Wieś', 6);

-- --------------------------------------------------------

--
-- Zrzut danych tabeli `option`
--

INSERT INTO `option` (`id`, `name`, `position`, `kind`, `required`, `categories_all`, `search`, `select_choices`) VALUES
(1, 'Opcje oferty / udogodnienia', 2, 'checkbox', 0, 1, 1, 'Dostęp do kuchni\r\nDostęp do lodówki\r\nGrill\r\nInternet WiFi\r\nKlimatyzacja\r\nKomputer z Internetem\r\nMiejsce na ognisko\r\nOgród\r\nParking\r\nPiaskownica\r\nPlac zabaw dla dzieci\r\nPokoje z własnymi łazienkami\r\nPralnia\r\nPrasowalnia\r\nRoom serwis\r\nSala konferencyjna\r\nSprzęt plażowy\r\nTelewizor / sala telewizyjna\r\nRestauracja / wyżywienie na miejscu\r\nObiekt przystosowany dla osób niepełnosprawnych'),
(2, 'Języki używane w obiekcie', 3, 'checkbox', 0, 1, 1, 'polski\r\nangielski\r\narabski\r\nchiński\r\nfrancuski\r\nhiszpański\r\nniemiecki\r\nrosyjski\r\nwłoski'),
(3, 'Łączna ilość pokoi', 4, 'number', 0, 0, 0, ''),
(4, 'Min. cena za pokój jednoosobowy', 5, 'number', 0, 0, 1, ''),
(5, 'Min. cena za pokój dwuosobowy', 6, 'number', 0, 0, 1, ''),
(6, 'Strona www', 7, 'text', 0, 1, 0, '');

-- --------------------------------------------------------

--
-- Zrzut danych tabeli `option_category`
--

INSERT INTO `option_category` (`option_id`, `option_category`) VALUES
(3, 1),
(3, 7),
(3, 8),
(3, 9),
(3, 12),
(3, 13),
(3, 14),
(3, 15),
(3, 16),
(3, 19),
(4, 1),
(4, 2),
(4, 3),
(4, 7),
(4, 8),
(4, 9),
(4, 10),
(4, 12),
(4, 13),
(4, 16),
(4, 18),
(4, 24),
(5, 1),
(5, 2),
(5, 7),
(5, 8),
(5, 9),
(5, 12),
(5, 13),
(5, 14),
(5, 15),
(5, 16),
(5, 18),
(5, 19),
(5, 23),
(5, 24);

-- --------------------------------------------------------

--
-- Zrzut danych tabeli `slider`
--

INSERT INTO `slider` (`id`, `content`) VALUES
(1, '<p><img alt=\"Festa2\" class=\"d-block w-100\" src=\"/upload/images/slider1.jpg\" /></p>\r\n\r\n<div class=\"carousel-caption d-none d-md-block\">\r\n<h3>Skrypt bazy nocleg&oacute;w FESTA2</h3>\r\n\r\n<p>To jest pokazowa wersja skryptu. Prosimy nie dodawać prawdziwych ogłoszeń</p>\r\n</div>\r\n'),
(2, '<p><img alt=\"Festa2\" class=\"d-block w-100\" src=\"/upload/images/slider2.jpg\" /></p>\r\n\r\n<div class=\"carousel-caption d-none d-md-block\">\r\n<h3>Zafunduj sobie niezapomniane przeżycia!</h3>\r\n\r\n<p>Dzięki zaawansowanej wyszukiwarce możesz znaleźć obiekt idealnie spełniający Twoje oczekiwania.</p>\r\n</div>\r\n'),
(3, '<p><img alt=\"Festa2\" class=\"d-block w-100\" src=\"/upload/images/slider3.jpg\" /></p>\r\n\r\n<div class=\"carousel-caption d-none d-md-block\">\r\n<h3>Znajdź z nami wymarzone miejsce na urlop!</h3>\r\n\r\n<p>Posiadamy bazę kilku tysięcy miejsc noclegowych w Polsce i za granicą.</p>\r\n</div>\r\n');

-- --------------------------------------------------------

--
-- Zrzut danych tabeli `state`
--

INSERT INTO `state` (`id`, `state_id`, `position`, `slug`, `name`) VALUES
(1, 0, 1, 'beskidy', 'Beskidy'),
(2, 0, 3, 'bieszczady', 'Bieszczady'),
(3, 0, 7, 'gory-swietokrzyskie', 'Góry Świętokrzyskie'),
(4, 0, 8, 'jura-krakowsko-czestochowska', 'Jura Krakowsko-Częstochowska'),
(5, 0, 10, 'karpaty', 'Karpaty'),
(6, 0, 11, 'kaszuby', 'Kaszuby'),
(7, 0, 4, 'bory-tucholskie', 'Bory Tucholskie'),
(8, 0, 13, 'kujawy', 'Kujawy'),
(9, 0, 14, 'lubelszczyzna', 'Lubelszczyzna'),
(10, 0, 15, 'mazowsze', 'Mazowsze'),
(11, 0, 16, 'mazury', 'Mazury'),
(12, 0, 18, 'pieniny', 'Pieniny'),
(13, 0, 19, 'podhale', 'Podhale'),
(14, 0, 20, 'podlasie', 'Podlasie'),
(15, 0, 26, 'roztocze', 'Roztocze'),
(16, 0, 27, 'sudety', 'Sudety'),
(17, 0, 30, 'wielkopolska', 'Wielkopolska'),
(18, 0, 31, 'wybrzeze', 'Wybrzeże'),
(19, 0, 33, 'ziemia-lubuska', 'Ziemia Lubuska'),
(20, 0, 34, 'zulawy-wislane', 'Żuławy Wiślane'),
(21, 0, 2, 'biebrzanski-park-narodowy', 'Biebrzański Park Narodowy'),
(22, 0, 5, 'dolny-slask', 'Dolny Śląsk'),
(23, 0, 6, 'gorny-slask', 'Górny Śląsk'),
(24, 0, 9, 'karkonosze', 'Karkonosze'),
(25, 0, 12, 'kotlina-klodzka', 'Kotlina Kłodzka'),
(26, 0, 17, 'mierzeja-wislana', 'Mierzeja Wiślana'),
(27, 0, 21, 'pojezierze-brodnickie', 'Pojezierze Brodnickie'),
(28, 0, 22, 'pojezierze-drawskie', 'Pojezierze Drawskie'),
(29, 0, 23, 'polesie-lubelskie', 'Polesie Lubelskie'),
(30, 0, 24, 'polwysep-helski', 'Półwysep Helski'),
(31, 0, 25, 'puszcza-bialowieska', 'Puszcza Białowieska'),
(32, 0, 28, 'suwalszczyzna', 'Suwalszczyzna'),
(33, 0, 29, 'tatry-i-podhale', 'Tatry i Podhale'),
(34, 0, 32, 'wzgorza-radomszczanskie', 'Wzgórza Radomszczańskie'),
(35, 0, 35, 'pozostale', 'Pozostałe'),
(36, 2, 1, 'ustrzyki-dolne', 'Ustrzyki Dolne'),
(37, 2, 2, 'jezioro-solinskie', 'Jezioro Solińskie'),
(38, 22, 1, 'wroclaw', 'Wrocław'),
(39, 22, 2, 'zielona-gora', 'Zielona góra'),
(40, 22, 3, 'walbrzych', 'Wałbrzych'),
(41, 22, 4, 'legnica', 'Legnica'),
(42, 22, 5, 'jelenia-gora', 'Jelenia Góra'),
(43, 23, 4, 'katowice', 'Katowice'),
(44, 23, 5, 'ostrawa', 'Ostrawa'),
(45, 23, 3, 'gliwice', 'Gliwice'),
(46, 23, 9, 'zabrze', 'Zabrze'),
(47, 23, 1, 'bielsko-biala', 'Bielsko Biała'),
(48, 23, 2, 'bytom', 'Bytom'),
(49, 23, 6, 'ruda-slaska', 'Ruda śląska'),
(50, 23, 7, 'rybnik', 'Rybnik'),
(51, 23, 8, 'tychy', 'Tychy'),
(52, 5, 1, 'sanok', 'Sanok'),
(53, 5, 2, 'krasno', 'Krasno'),
(54, 5, 3, 'rzeszow', 'Rzeszów'),
(55, 25, 1, 'wzgorza-rogowki', 'Wzgórza Rogówki'),
(56, 25, 2, 'row-gornej-nysy', 'Rów Górnej Nysy'),
(57, 8, 1, 'aleksandrow-kujawski', 'Aleksandrów Kujawski'),
(58, 8, 2, 'bydgoszcz', 'Bydgoszcz'),
(59, 8, 3, 'kowal', 'Kowal'),
(60, 8, 4, 'kruszwica', 'Kruszwica'),
(61, 8, 5, 'ciechocinek', 'Ciechocinek'),
(62, 8, 6, 'gniewkowo', 'Gniewkowo'),
(63, 8, 7, 'inowroclaw', 'Inowrocław'),
(64, 8, 8, 'wloclawek', 'Włocławek'),
(65, 9, 1, 'lublin', 'Lublin'),
(66, 9, 2, 'siedlce', 'Siedlce'),
(67, 9, 3, 'pulawy', 'Puławy'),
(68, 9, 4, 'swidnik', 'Świdnik'),
(69, 9, 5, 'krasnik', 'Kraśnik'),
(70, 10, 1, 'warszawa', 'Warszawa'),
(71, 10, 2, 'plock', 'Płock'),
(72, 10, 3, 'ostroleka', 'Ostrołęka'),
(73, 10, 4, 'radom', 'Radom'),
(74, 10, 5, 'siedlce', 'Siedlce'),
(75, 11, 1, 'elk', 'Ełk'),
(76, 11, 2, 'ostroda', 'Ostróda'),
(77, 11, 3, 'gizycko', 'Giżycko'),
(78, 11, 4, 'ketrzyn', 'Kętrzyn'),
(79, 11, 5, 'szczytno', 'Szczytno'),
(80, 14, 1, 'augustow', 'Augustów'),
(81, 14, 2, 'bialystok', 'Białystok'),
(82, 15, 1, 'bilgoraj', 'Biłgoraj'),
(83, 15, 2, 'gorajc', 'Gorajc'),
(84, 16, 1, 'szklarska-poreba', 'Szklarska Poręba'),
(85, 16, 2, 'kudowa-zdroj', 'Kudowa Zdrój'),
(86, 16, 3, 'polanica-zdroj', 'Polanica Zdrój'),
(87, 32, 1, 'suwalki', 'Suwałki'),
(88, 33, 1, 'zakopane', 'Zakopane'),
(89, 33, 2, 'bialka', 'Białka'),
(90, 33, 3, 'bukowina-tatrzanska', 'Bukowina tatrzańska'),
(91, 33, 4, 'bialy-dunajec', 'Biały Dunajec'),
(92, 17, 1, 'poznan', 'Poznań'),
(93, 17, 2, 'pila', 'Piła'),
(94, 17, 3, 'konin', 'Konin'),
(95, 17, 4, 'gniezno', 'Gniezno'),
(96, 17, 5, 'wrzesnia', 'Września');

-- --------------------------------------------------------

--
-- Zrzut danych tabeli `subcategory`
--

INSERT INTO `subcategory` (`category_id`, `subcategory_id`, `count`) VALUES
(0, 1, 0),
(0, 2, 0),
(0, 3, 0),
(0, 4, 0),
(0, 5, 0),
(0, 6, 0),
(0, 7, 0),
(0, 8, 0),
(0, 9, 0),
(0, 10, 0),
(0, 11, 0),
(0, 12, 0),
(0, 13, 0),
(0, 14, 0),
(0, 15, 0),
(0, 16, 0),
(0, 17, 0),
(0, 18, 0),
(0, 19, 0),
(0, 20, 0),
(0, 21, 0),
(0, 22, 0),
(0, 23, 0),
(0, 24, 0),
(0, 25, 0);

-- --------------------------------------------------------

/*!40101 SET CHARACTER_SET_CLIENT=@OLD_CHARACTER_SET_CLIENT */;
/*!40101 SET CHARACTER_SET_RESULTS=@OLD_CHARACTER_SET_RESULTS */;
/*!40101 SET COLLATION_CONNECTION=@OLD_COLLATION_CONNECTION */;